{"alpha": 1.0, "anti_aliased_fill": true, "anti_aliased_lines": true, "button_text_align": [0.5, 0.5], "child_border_size": 1.0, "child_rounding": 5.0, "columns_min_spacing": 6.0, "curve_tessellation_tolerance": 1.25, "display_safe_area_padding": [3.0, 3.0], "display_window_padding": [20.0, 20.0], "frame_border_size": 0.0, "frame_padding": [4.0, 3.0], "frame_rounding": 5.0, "grab_min_size": 10.0, "grab_rounding": 5.0, "indent_spacing": 21.0, "item_inner_spacing": [4.0, 4.0], "item_spacing": [8.0, 4.0], "mouse_cursor_scale": 1.0, "popup_border_size": 0.0, "popup_rounding": 0.0, "scrollbar_rounding": 9.0, "scrollbar_size": 16.0, "touch_extra_padding": [0.0, 0.0], "window_border_size": 0.0, "window_min_size": [32.0, 32.0], "window_padding": [8.0, 8.0], "window_rounding": 5.0, "window_title_align": [0.5, 0.5], "colors": {"COLOR_BORDER": [1.0, 0.9940482974052429, 0.0, 0.5], "COLOR_BORDER_SHADOW": [0.0, 0.0, 0.0, 0.0], "COLOR_BUTTON": [0.6100000143051147, 0.3499999940395355, 0.3499999940395355, 0.6200000047683716], "COLOR_BUTTON_ACTIVE": [0.800000011920929, 0.46000000834465027, 0.46000000834465027, 1.0], "COLOR_BUTTON_HOVERED": [0.7237569093704224, 0.46784284710884094, 0.46784284710884094, 0.7900000214576721], "COLOR_CHECK_MARK": [0.8999999761581421, 0.8999999761581421, 0.8999999761581421, 0.5], "COLOR_CHILD_BACKGROUND": [0.0883978009223938, 0.08839691430330276, 0.08839691430330276, 0.0], "COLOR_DRAG_DROP_TARGET": [1.0, 1.0, 0.0, 0.8999999761581421], "COLOR_FRAME_BACKGROUND": [0.4300000071525574, 0.4300000071525574, 0.4300000071525574, 0.38999998569488525], "COLOR_FRAME_BACKGROUND_ACTIVE": [0.6399999856948853, 0.4099999964237213, 0.4099999964237213, 0.6899999976158142], "COLOR_FRAME_BACKGROUND_HOVERED": [0.6574585437774658, 0.47220778465270996, 0.47220778465270996, 0.4000000059604645], "COLOR_HEADER": [0.8999999761581421, 0.4000000059604645, 0.4000000059604645, 0.44999998807907104], "COLOR_HEADER_ACTIVE": [0.8700000047683716, 0.5299999713897705, 0.5299999713897705, 0.800000011920929], "COLOR_HEADER_HOVERED": [0.8999999761581421, 0.44999998807907104, 0.44999998807907104, 0.800000011920929], "COLOR_MENUBAR_BACKGROUND": [0.550000011920929, 0.4000000059604645, 0.4000000059604645, 0.800000011920929], "COLOR_MODAL_WINDOW_DIM_BACKGROUND": [0.20000000298023224, 0.20000000298023224, 0.20000000298023224, 0.3499999940395355], "COLOR_NAV_HIGHLIGHT": [0.44999998807907104, 0.44999998807907104, 0.8999999761581421, 0.800000011920929], "COLOR_NAV_WINDOWING_DIM_BACKGROUND": [0.800000011920929, 0.800000011920929, 0.800000011920929, 0.20000000298023224], "COLOR_NAV_WINDOWING_HIGHLIGHT": [1.0, 1.0, 1.0, 0.699999988079071], "COLOR_PLOT_HISTOGRAM": [0.8999999761581421, 0.699999988079071, 0.0, 1.0], "COLOR_PLOT_HISTOGRAM_HOVERED": [1.0, 0.6000000238418579, 0.0, 1.0], "COLOR_PLOT_LINES": [1.0, 1.0, 1.0, 1.0], "COLOR_PLOT_LINES_HOVERED": [0.8999999761581421, 0.699999988079071, 0.0, 1.0], "COLOR_POPUP_BACKGROUND": [0.10999999940395355, 0.10999999940395355, 0.14000000059604645, 0.9200000166893005], "COLOR_RESIZE_GRIP": [1.0, 1.0, 1.0, 0.1599999964237213], "COLOR_RESIZE_GRIP_ACTIVE": [0.7799999713897705, 0.8199999928474426, 1.0, 0.8999999761581421], "COLOR_RESIZE_GRIP_HOVERED": [0.7799999713897705, 0.8199999928474426, 1.0, 0.6000000238418579], "COLOR_SCROLLBAR_BACKGROUND": [0.20000000298023224, 0.25, 0.30000001192092896, 0.6000000238418579], "COLOR_SCROLLBAR_GRAB": [0.800000011920929, 0.4000000059604645, 0.4000000059604645, 0.30000001192092896], "COLOR_SCROLLBAR_GRAB_ACTIVE": [0.800000011920929, 0.38999995589256287, 0.38999995589256287, 0.6000000238418579], "COLOR_SCROLLBAR_GRAB_HOVERED": [0.800000011920929, 0.4000000059604645, 0.4000000059604645, 0.4000000059604645], "COLOR_SEPARATOR": [0.5, 0.5, 0.5, 1.0], "COLOR_SEPARATOR_ACTIVE": [0.699999988079071, 0.699999988079071, 0.8999999761581421, 1.0], "COLOR_SEPARATOR_HOVERED": [0.6000000238418579, 0.6000000238418579, 0.699999988079071, 1.0], "COLOR_SLIDER_GRAB": [1.0, 1.0, 1.0, 0.30000001192092896], "COLOR_SLIDER_GRAB_ACTIVE": [0.800000011920929, 0.38999995589256287, 0.38999995589256287, 0.6000000238418579], "COLOR_TEXT": [0.8999999761581421, 0.8999999761581421, 0.8999999761581421, 1.0], "COLOR_TEXT_DISABLED": [0.6000000238418579, 0.6000000238418579, 0.6000000238418579, 1.0], "COLOR_TEXT_SELECTED_BACKGROUND": [0.0, 0.0, 1.0, 0.3499999940395355], "COLOR_TITLE_BACKGROUND": [0.6961326003074646, 0.21240317821502686, 0.1384573131799698, 0.8299999833106995], "COLOR_TITLE_BACKGROUND_ACTIVE": [0.6980392336845398, 0.21176470816135406, 0.13725490868091583, 0.8313725590705872], "COLOR_TITLE_BACKGROUND_COLLAPSED": [0.800000011920929, 0.4000000059604645, 0.4000000059604645, 0.20000000298023224], "COLOR_WINDOW_BACKGROUND": [0.0883978009223938, 0.08839691430330276, 0.08839691430330276, 0.699999988079071]}}